{
  "n_total": 8098,
  "mann_whitney": {
    "u": 49311.5,
    "p_value": 1.0335674380282555e-06,
    "n_validated": 7,
    "n_unvalidated": 8091,
    "median_validated": 9.1,
    "median_unvalidated": 0.0,
    "score_key": "ncite_score"
  },
  "precision_50": {
    "k": 50,
    "precision_ncite": 0.02,
    "precision_traditional": 0.14,
    "lift": 0.14285714285714285,
    "score_key": "ncite_score"
  },
  "ndcg_50": {
    "k": 50,
    "ndcg_ncite": 0.27487633291429087,
    "ndcg_traditional": 0.9683310355387568
  }
}